{
  "template": {
    "screen_name": "payloads_dashboard",
    "status_bar": "default",
    "windowed_canvas": true,
    "cache_canvases": true,
    "button_map": {
      "a": "select",
      "b": "back",
      "up": "previous",
      "down": "next",
      "left": "back",
      "right": "noop"
    },
    "background": {
      "layers": [
        { "image_path": "assets/payloads_dashboard/recon_payloads_bg.png", "x": 0, "y": 0 },
        { "text":  "Payloads", "text_size": "large", "text_color_palette":  "red", "x": 3 }
      ]
    },
    "pages": [
      {
        "menu_items": [
          {
            "id": "Slot0",
            "x": 140,
            "y": 60,
            "layers": [
              { "variable_name": "$_LIST_ITEM", "x": 64, "y": 0, "use_template": "recon_payload_title" }
            ],
            "selected_layers": [
              { "variable_name": "$_LIST_ITEM", "x": 64, "y": 0, "use_template": "recon_payload_title_selected" },
              { "image_path": "assets/folder.png", "x": 32, "y": 0, "recolor_palette": "blank" }
            ],
            "target": "recon_payloads_for_category_list",
            "variable": "$_LIST_ITEM",
            "button_map": {
              "a": "select",
              "b": "back",
              "up": "previous",
              "down": "next",
              "left": "noop",
              "right": "select_menu"
            }
          },
          {
            "id": "Slot1",
            "x": 140,
            "y": 87,
            "layers": [
              { "variable_name": "$_LIST_ITEM", "x": 64, "y": 0, "use_template": "recon_payload_title" }
            ],
            "selected_layers": [
              { "variable_name": "$_LIST_ITEM", "x": 64, "y": 0, "use_template": "recon_payload_title_selected" },
              { "image_path": "assets/folder.png", "x": 32, "y": 0, "recolor_palette": "blank" }
            ],
            "target": "recon_payloads_for_category_list",
            "variable": "$_LIST_ITEM",
            "button_map": {
              "a": "select",
              "b": "back",
              "up": "previous",
              "down": "next",
              "left": "noop",
              "right": "select_menu"
            }
          },
          {
            "id": "Slot2",
            "x": 140,
            "y": 118,
            "layers": [
              { "variable_name": "$_LIST_ITEM", "x": 64, "y": 0, "use_template": "recon_payload_title" }
            ],
            "selected_layers": [
              { "variable_name": "$_LIST_ITEM", "x": 64, "y": 0,  "use_template": "recon_payload_title_selected" },
              { "image_path": "assets/folder.png", "x": 32, "y": 0, "recolor_palette": "blank" }
            ],
            "target": "recon_payloads_for_category_list",
            "variable": "$_LIST_ITEM",
            "button_map": {
              "a": "select",
              "b": "back",
              "up": "previous",
              "down": "next",
              "left": "noop",
              "right": "select_menu"
            }
          },
          {
            "id": "Slot3",
            "x": 140,
            "y": 146,
            "layers": [
              { "variable_name": "$_LIST_ITEM", "x": 64, "y": 0, "use_template": "recon_payload_title" }
            ],
            "selected_layers": [
              { "variable_name": "$_LIST_ITEM", "x": 64, "y": 0,  "use_template": "recon_payload_title_selected" },
              { "image_path": "assets/folder.png", "x": 32, "y": 0, "recolor_palette": "blank" }
            ],
            "target": "recon_payloads_for_category_list",
            "variable": "$_LIST_ITEM",
            "button_map": {
              "a": "select",
              "b": "back",
              "up": "previous",
              "down": "next",
              "left": "noop",
              "right": "select_menu"
            }
          },
          {
            "id": "Slot4",
            "x": 140,
            "y": 175,
            "layers": [
              { "variable_name": "$_LIST_ITEM", "x": 64, "y": 0, "use_template": "recon_payload_title" }
            ],
            "selected_layers": [
              { "variable_name": "$_LIST_ITEM", "x": 64, "y": 0, "string_template": { "text_color_palette":  "red" } },
              { "image_path": "assets/folder.png", "x": 32, "y": 0, "recolor_palette": "blank" }
            ],
            "target": "recon_payloads_for_category_list",
            "variable": "$_LIST_ITEM",
            "button_map": {
              "a": "select",
              "b": "back",
              "up": "previous",
              "down": "next",
              "left": "noop",
              "right": "select_menu"
            }
          }
        ]
      }
    ]
  }
}
