{
  "screen_name": "main_dashboard",
  "status_bar": "default",
  "windowed_canvas": false,
  "cache_canvases": true,
  "button_map": {
    "a": "select",
    "b": "noop",
    "up": "previous",
    "down": "next",
    "left": "previous",
    "right": "next"
  },
  "background": {
    "layers": [
      { "image_path": "assets/dashboard/Wizard_bg.png", "x": 0, "y": 0 }
    ],
    "background_color": { "r": 0, "g": 0, "b": 0 }
  },
  "menu_items": [
    {
      "id": "ALERTS",
      "layers": [
        { "image_path": "assets/dashboard/alerts.png", "x": -250, "y": -70 }
      ],
      "selected_layers": [
        { "image_path": "assets/dashboard/alerts_selected.png", "x": -250, "y": -70 }, 
        { "text": "ALERTS", "x": -211, "y":  92, "text_size": "large", "text_color_palette": "blue" }
      ],
      "x": 263,
      "y": 79,
      "target": "alerts_dashboard"
    },
    {
      "id": "PAYLOADS",
      "layers": [
        { "image_path": "assets/dashboard/payloads.png", "x": -287, "y": -55 }
      ],
      "selected_layers": [
        { "image_path": "assets/dashboard/payloads_selected.png", "x": -287, "y": -55 },
        { "text": "PAYLOADS", "x": -247, "y":  55, "text_size": "large", "text_color_palette": "blue" }
      ],
      "x": 299,
      "y": 116,
      "target": "payloads_dashboard",
      "variable": "$_PAYLOAD_CATEGORIES"
    },
    {
      "id": "RECON",
      "layers": [
        { "image_path": "assets/dashboard/recon.png", "x": -322, "y": 25 }
      ],
      "selected_layers": [
        { "image_path": "assets/dashboard/recon_selected.png", "x": -322, "y": 25 },
        { "text": "RECON", "x": -283, "y":  91, "text_size": "large", "text_color_palette": "blue" }
      ],
      "x": 335,
      "y": 80,
      "target": "recon_dashboard"
    },
    {
      "id": "PINEAP",
      "layers": [
        { "image_path": "assets/dashboard/pineap.png", "x": -360, "y": 25 }
      ],
      "selected_layers": [
        { "image_path": "assets/dashboard/pineap_selected.png", "x": -360, "y": 25 },
        { "text": "PINEAP", "x": -321, "y":  55, "text_size": "large", "text_color_palette": "blue" }
      ],
      "x": 373,
      "y": 115,
      "target": "pineap_menu"
    },
    {
      "id": "SETTINGS",
      "layers": [
        { "image_path": "assets/dashboard/settings.png", "x": -397, "y": 100 }
      ],
      "selected_layers": [
        { "image_path": "assets/dashboard/settings_selected.png", "x": -397, "y": 100 },
        { "text": "SETTINGS", "x": -358, "y":  90, "text_size": "large", "text_color_palette": "blue" }
      ],
      "x": 410,
      "y": 80,
      "target": "settings_menu"
    }
  ]
}
